{
    "planck_bao_pantheonplus_shoes": {
        "log_evidence": -2902.945708161032,
        "best_chi2": 2790.27754809466
    }
}